go

use PostGrad_System

--Payment Insertions (id, amount, no_ins, fund )

--(PHD, no extentions )
insert into Payment values ( 4203, 74318.0, 12, 20.0 )
insert into Payment values ( 2506, 27413.0, 4, 53.0 )
insert into Payment values ( 6574, 51778.0, 8, 64.0 )
insert into Payment values ( 1988, 28979.0, 6, 13.0 )
--(PHD, extentions )
insert into Payment values ( 1518, 95415.0, 15, 68.0 )
insert into Payment values ( 9004, 83436.0, 14, 10.0 )
insert into Payment values ( 1911, 13625.0, 3, 82.0 )
--(Master, extentions )
insert into Payment values ( 8576, 74178.0, 12, 80.0 )
insert into Payment values ( 1227, 83959.0, 14, 54.0 )
insert into Payment values ( 7005, 23693.0, 6, 27.0 )
--(Master, no extentions )
insert into Payment values ( 8435, 12799.0, 3, 74.0 )
insert into Payment values ( 5479, 48116.0, 8, 51.0 )
insert into Payment values ( 3452, 41474.0, 7, 68.0 )
insert into Payment values ( 9065, 86730.0, 15, 83.0 )
insert into Payment values ( 8620, 88359.0, 15, 54.0 )
--(NonGucian Pay for course )
insert into Payment values(2335,20000,5,40)
insert into Payment values(6858,18000,4,35)
insert into Payment values(7575,10000,2,47)
insert into Payment values(2666,26000,7,70)
insert into Payment values(2131,30000,8,66)




--Thesis Insertions (PHD , no extenions, [4])
insert into Thesis (serialNumber,field,type,title,startDate,endDate,defenseDate,grade,payment_id,noExtention)
values ( 7416, 'Medicine', 'PhD', 'Antibiotics treatments', '2010-02-08', '2014-02-08', '2014-03-08', 50.0,4203,0)
insert into Thesis (serialNumber,field,type,title,startDate,endDate,defenseDate,grade,payment_id,noExtention) 
values ( 7079, 'Architecture', 'PhD', 'Art and common space', '2010-10-19', '2014-10-19', '2014-11-19', 80.0,2506,0)
insert into Thesis (serialNumber,field,type,title,startDate,endDate,defenseDate,grade,payment_id,noExtention)
values ( 1330, 'Business ', 'PhD', 'Health care management', '2020-04-17', '2024-04-17', '2024-05-17', 54.0,6574,0)
insert into Thesis (serialNumber,field,type,title,startDate,endDate,defenseDate,grade,payment_id,noExtention)
values ( 4735, 'Communications', 'PhD', 'Artificial Intelligence Techniques', '2017-07-04', '2020-07-04', '2020-08-04', 66.0,1988,0)

--Thesis Insertions (PHD , with extenions, [3])
insert into Thesis (serialNumber,field,type,title,startDate,endDate,defenseDate,grade,payment_id,noExtention)
values ( 2150, 'Civil Engineering', 'PhD', 'Environmental Engineering', '2013-04-21', '2018-04-21', '2017-04-21', 50.0,1518,2)
insert into Thesis (serialNumber,field,type,title,startDate,endDate,defenseDate,grade,payment_id,noExtention) 
values ( 9748, 'Computer Science', 'PhD', 'Machine Learning in Medical Image Analysis', '2016-08-31', '2023-08-31', '2021-08-31', 80.0,9004,4)
insert into Thesis (serialNumber,field,type,title,startDate,endDate,defenseDate,grade,payment_id,noExtention)
values ( 2188, 'Business', 'PhD', 'Accounting & finance', '2011-07-28', '2016-01-28', '2014-07-28', 54.0,1911,3)

--Thesis Insertions (Master , with extenions, [3])
insert into Thesis (serialNumber,field,type,title,startDate,endDate,defenseDate,grade,payment_id,noExtention)
values ( 2136, 'Animal Sciences', 'Master', 'Nutrition and Metabolism', '2012-08-21', '2015-03-21', '2014-08-21', 79.0,8576,1)
insert into Thesis (serialNumber,field,type,title,startDate,endDate,defenseDate,grade,payment_id,noExtention) 
values ( 8007, 'Art', 'Master', 'The artistic styles of modern art', '2014-01-12', '2017-06-12', '2016-01-12', 67.0,1227,3)
insert into Thesis (serialNumber,field,type,title,startDate,endDate,defenseDate,grade,payment_id,noExtention)
values ( 4401, 'Chemical Engineering', 'Master', 'Microbial enhanced oil recovery', '2017-02-01', '2022-02-01', '2021-02-01', 48.0,7005,2)

--Thesis Insertions (Master , no extenions, [5])
insert into Thesis (serialNumber,field,type,title,startDate,endDate,defenseDate,grade,payment_id,noExtention)
values ( 7111, 'Bio Engineering', 'Master', 'Radiation Physics', '2018-05-06', '2020-05-06', '2020-06-06', 38.0,8435,0)
insert into Thesis (serialNumber,field,type,title,startDate,endDate,defenseDate,grade,payment_id,noExtention) 
values ( 3903, 'Physical Therapy', 'Master', 'Impact of mobilization in reliving vertigo', '2015-09-17', '2017-09-17', '2017-10-17', 94.0,5479,0)
insert into Thesis (serialNumber,field,type,title,startDate,endDate,defenseDate,grade,payment_id,noExtention)
values ( 9010, 'Computer Science', 'Master', 'Information security and cryptography', '2016-10-05', '2018-10-05', '2018-11-05', 59.0,3452,0)
insert into Thesis (serialNumber,field,type,title,startDate,endDate,defenseDate,grade,payment_id,noExtention)
values ( 4937, 'Medicine', 'Master', ' Cancer Prevention', '2013-11-23', '2015-11-23', '2015-12-23', 42.0,9065,0)
insert into Thesis (serialNumber,field,type,title,startDate,endDate,defenseDate,grade,payment_id,noExtention) 
values ( 9211, 'Art', 'Master', 'Rise of art fairs in the 2000s', '2019-01-12', '2022-06-12', '2022-07-12', 77.0,8620,0)



--Users data Insertions

--PostGradUser(23)
--Admin
insert into PostGradUser (email,password) values('Wayne.Wright@gmail.com','RCb2xZq6sn')
insert into PostGradUser (email,password) values('Nicholas_Roberts@hotmail.com','PkNBBz3kX2')
insert into PostGradUser (email,password) values('Sean.Ward@gmail.com','hsV8HaT45t')
--GucStudent
insert into PostGradUser (email,password) values('Peter.Moore@gmail.com','wE4tHXs2hz')
insert into PostGradUser (email,password) values('Ruby.Hall@yahoo.com','RVqse7zK49')
insert into PostGradUser (email,password) values('Sara.Cox@gmail.com','4Pq6TCd9Xy')
insert into PostGradUser (email,password) values('Roger_Mitchell@gmail.com','Z8NvmnKHGD')
insert into PostGradUser (email,password) values('Scott_Rodriguez','2mjRSbJuqs')
--NonGucStudent
insert into PostGradUser (email,password) values('Dennis.Diaz@hotmail.com','vJ4nYq8s2E')
insert into PostGradUser (email,password) values('Clarence_Wood@hotmail.com','aE5g2AuAxS')
insert into PostGradUser (email,password) values('Sandra.Hill@gmail.com','sY7ag45y9K')
insert into PostGradUser (email,password) values('Bonnie.Thompson@yahoo.com','qgyuG5g4TB')
insert into PostGradUser (email,password) values('Mary _Mitchell@gmail.com','meJ4yu4Zgf')
--Supervisor
insert into PostGradUser (email,password) values('Sarah_Scott@gmail.com','t6KZDNYTTz')
insert into PostGradUser (email,password) values('Craig.Kelly@hotmail.com','9sc6dMQznv')
insert into PostGradUser (email,password) values('Jonathan_Garcia@gmail.com','JyXcmK3wdj')
insert into PostGradUser (email,password) values('Shawn.Hughes@gmail.com','8c9HxwArHW')
insert into PostGradUser (email,password) values('Nicole_Powell@hotmail.com','sm8YrZHvP5')
--Examinar
insert into PostGradUser (email,password) values('Edward.Campbell@gmail.com','skLz8QZxYD')
insert into PostGradUser (email,password) values('Terry.Lewis@hotmail.com','WUWT8vtdAT')
insert into PostGradUser (email,password) values('Philip_Lopez@yahoo.com','5P8WD3VbpB')
insert into PostGradUser (email,password) values('Carolyn_Parker@yahoo.com','8yKwGHxfWP')
insert into PostGradUser (email,password) values('Paul.Morgan@gmail.com','f34SanL2RQ')


--select * from PostGradUser

--Admin(3)
insert into Admin values(1)
insert into Admin values(2)
insert into Admin values(3)
--GucianStudent(5)
insert into GucianStudent values(4,'Peter','Moore','Phd','MET','534 Golden Valley Church Rd',2.0,8293)
insert into GucianStudent values(5,'Ruby','Hall','Master','BI','9344 Canyon Rim Dr',3.2,6597)
insert into GucianStudent values(6,'Sara','Cox','Phd','Mangment','136 Shell Rd',2.5,2574)
insert into GucianStudent values(7,'Roger ','Mitchell','Master','IET','207 Mabelle St',4.3,4454)
insert into GucianStudent values(8,'Scott ','Rodriguez','Master','MET','128 Azure Dr',1.3,7835)
--NonGucianStudent(5)
insert into NonGucianStudent values(9,'Dennis','Diaz','Phd','Mechatronics','1440 Marilyn Ave',2.0)
insert into NonGucianStudent values(10,'Clarence','Wood','Master','BI','1050 S 6th Ave',3.2)
insert into NonGucianStudent values(11,'Sandra','Hill','Phd','Mangment','42 F Ave',2.5)
insert into NonGucianStudent values(12,'Bonnie','Bonnie ','Phd','Mechatronics','118 1st St NE',4.3)
insert into NonGucianStudent values(13,'Mary','Mitchell','Master','MET','507 W Broad St',1.3)
--Supervisor(5)
insert into Supervisor values(14,'Sarah Scott','MET')
insert into Supervisor values(15,'Craig Kelly','Mechatronics')
insert into Supervisor values(16,'Jonathan Garcia','BI')
insert into Supervisor values(17,'Shawn Hughes','IET')
insert into Supervisor values(18,'Nicole Powell','Managment')
--Examinar(5)
insert into Examiner values(19,'Edward Campbell','Engineering',1)
insert into Examiner values(20,'Terry Lewis','Medicine',1)
insert into Examiner values(21,'Philip Lopez','Engineering',0)
insert into Examiner values(22,'Carolyn Parker','Pharmacy',0)
insert into Examiner values(23,'Paul Morgan','Therapy',1)

--Progress Reports Insertions
--GucianProgressReports(5,(1 more than 1),(1 eval 0 ))
Insert into GUCianProgressReport(sid,no,date,eval,state,thesisSerialNumber,supid) values(4,7828,'2023-01-31',0,50,9748,14)
Insert into GUCianProgressReport(sid,no,date,eval,state,thesisSerialNumber,supid) values(4,2637,'2018-06-21',68,95,2150,14)
Insert into GUCianProgressReport(sid,no,date,eval,state,thesisSerialNumber,supid) values(5,7065,'2017-11-07',43,45,3903,15)
Insert into GUCianProgressReport(sid,no,date,eval,state,thesisSerialNumber,supid) values(6,9366,'2024-06-17',88 ,74,1330,15)
Insert into GUCianProgressReport(sid,no,date,eval,state,thesisSerialNumber,supid) values(7,9164,'2017-08-12',53,72,8007,16)
--NonGucianProgressReports(5,(1 more than 1),(1 eval 0 ))
Insert into NonGUCianProgressReport(sid,no,date,eval,state,thesisSerialNumber,supid) values(9,9164,'2014-04-08',67,45,7416,17)
Insert into NonGUCianProgressReport(sid,no,date,eval,state,thesisSerialNumber,supid) values(9,7593,'2020-09-04',0,70,4735,17)
Insert into NonGUCianProgressReport(sid,no,date,eval,state,thesisSerialNumber,supid) values(10,1577,'2020-07-06',44,70,7111,16)
Insert into NonGUCianProgressReport(sid,no,date,eval,state,thesisSerialNumber,supid) values(11,7160,'2016-03-28',90,88,2188,18)
Insert into NonGUCianProgressReport(sid,no,date,eval,state,thesisSerialNumber,supid) values(13,8745,'2022-08-12',79,69,9211,18)

--5 Courses attended by non Gucians

--Courses(5)
insert into Course values(3869,20000,5,'CSEN 501')
insert into Course values(4555,18000,4,'MATH 502')
insert into Course values(9359,10000,2,'CSEN 502')
insert into Course values(4975,26000,7,'DMET 501')
insert into Course values(1683,30000,8,'DSD 606')

--NonGucianStudentTakeCourse(11,(7 grade more than 50), (more than 1 course)
insert into NonGucianStudentTakeCourse values(9,3869,70)
insert into NonGucianStudentTakeCourse values(9,4555,88)
insert into NonGucianStudentTakeCourse values(10,9359,45)
insert into NonGucianStudentTakeCourse values(10,1683,97)
insert into NonGucianStudentTakeCourse values(11,4975,65)
insert into NonGucianStudentTakeCourse values(12,9359,75)
insert into NonGucianStudentTakeCourse values(13,3869,69)
insert into NonGucianStudentTakeCourse values(12,1683,40)
insert into NonGucianStudentTakeCourse values(13,9359,35)
insert into NonGucianStudentTakeCourse values(10,3869,48)
insert into NonGucianStudentTakeCourse values(9,1683,39)

--NonGucianStudentTakeCourse(11)
insert into NonGucianStudentPayForCourse values(9,2335,3869)
insert into NonGucianStudentPayForCourse values(9,6858,4555)
insert into NonGucianStudentPayForCourse values(9,2131,1683)
insert into NonGucianStudentPayForCourse values(10,7575,9359)
insert into NonGucianStudentPayForCourse values(10,2131,1683)
insert into NonGucianStudentPayForCourse values(11,2666,4975)
insert into NonGucianStudentPayForCourse values(12,7575,9359)
insert into NonGucianStudentPayForCourse values(12,2131,1683)
insert into NonGucianStudentPayForCourse values(10,2335,3869)
insert into NonGucianStudentPayForCourse values(13,2335,3869)
insert into NonGucianStudentPayForCourse values(13,7575,9359)

--Instalments
--Thesis 
insert into Installment values ('2012-01-22',4203,6193,1)
insert into Installment values ('2012-04-16',2506,6853,1)
insert into Installment values ('2013-09-11',6574,6472,1)
insert into Installment values ('2014-11-02',1988,4829,1)
insert into Installment values ('2015-02-10',1518,6361,1)
insert into Installment values ('2017-04-27',9004,5959,1)
insert into Installment values ('2018-11-09',1911,4541,1)
insert into Installment values ('2020-05-28',8576,6181,1)
insert into Installment values ('2021-07-03',1227,5997,1)
insert into Installment values ('2027-07-04',7005,3948,0)
insert into Installment values ('2028-10-10',8435,4266,0)
insert into Installment values ('2026-07-03',5479,6015,0)
insert into Installment values ('2025-09-27',3452,5924,0)
insert into Installment values ('2028-11-09',9065,5782,0)
insert into Installment values ('2024-11-05',8620,5890,0)
--Course
insert into Installment values ('2023-04-24',2335,4000,0)
insert into Installment values ('2024-08-07',6858,4500,0)
insert into Installment values ('2015-01-25',7575,5000,1)
insert into Installment values ('2016-01-24',2666,3714,1)
insert into Installment values ('2020-02-07',2131,3750,1)

--Defenses(6)
insert into Defense values(4937,'2015-12-23','Hall 3',64.0)
insert into Defense values(1330,'2024-05-17','Hall 12',50.0)
insert into Defense values(2188,'2014-07-28','Hall 4',90.0)
insert into Defense values(9748,'2021-08-31','Hall 13',82.0)
insert into Defense values(7416,'2014-03-08','Hall 5',72.0)
insert into Defense values(8007,'2016-01-12','Hall 1',100.0)

insert into ExaminerEvaluateDefense values('2015-12-23',4937,20,'Good defense, needed more details')
insert into ExaminerEvaluateDefense values('2024-05-17',1330,23,'Accepted defense, needs improvement and missing points')
insert into ExaminerEvaluateDefense values('2014-07-28',2188,22,'Excellent presentation of points')
insert into ExaminerEvaluateDefense values('2021-08-31',9748,22,'Very good and well spoken')
insert into ExaminerEvaluateDefense values('2014-03-08',7416,19,'Good defense and well presented')
insert into ExaminerEvaluateDefense values('2016-01-12',8007,20,'Outstanding defense')

--3.e) 
insert into GUCianStudentRegisterThesis values (6,15,9211)
insert into GUCianStudentRegisterThesis values (5,17,3903)

insert into NonGUCianStudentRegisterThesis values (10,15,2136)
insert into NonGUCianStudentRegisterThesis values (13,16,4401)

--3.k)

Insert into Publication (id,accepted,title) values (4,1,'A')
Insert into Publication (id,accepted,title) values (5,1,'B')
Insert into Publication (id,accepted,title) values (6,0,'C')
Insert into Publication (id,accepted,title) values (7,1,'D')

insert into ThesisHasPublication values(7111,4)
insert into ThesisHasPublication values(3903,5)
insert into ThesisHasPublication values(8007,6)
insert into ThesisHasPublication values(7111,7)

--3.m)
insert into NonGUCianStudentRegisterThesis values (11,17,7416)
insert into NonGUCianStudentRegisterThesis values(12,15,2188)
insert into GUCianStudentRegisterThesis values (4,16,8007)

--4.a)
insert into NonGUCianStudentRegisterThesis values (10,16,7111)
insert into GUCianStudentRegisterThesis values(6,15,1330)

--4.g)
insert into GUCianProgressReport (sid,no,date,eval,thesisSerialNumber)values(7,8873,'2020-04-12',0,8007)

--6.a)
insert into NonGUCStudentPhoneNumber values(9,'21123')
